,Name,Address,latitude,longitude,geometry
0,La Mota,4999 NE 99th Ave,45.55899035,-122.5609741512762,POINT (-122.5609741512762 45.55899035)
1,102nd St Market & Deli,4646 NE 102nd Ave,45.55703525,-122.55736669539472,POINT (-122.55736669539472 45.55703525)
2,Gateway Liquor Store,10320 NE HALSEY,45.533447466666665,-122.55625186666668,POINT (-122.55625186666668 45.533447466666665)
3,Natural Remedies,9810 E Burnside St,45.52256666666666,-122.5628731111111,POINT (-122.5628731111111 45.52256666666666)
4,Nectar - Stark,9127 SE Stark,45.51915020408163,-122.56979736734694,POINT (-122.56979736734694 45.51915020408163)
5,Oregon Grown Gift Shop,324 SE 82ND AVE,45.5200501,-122.5786499,POINT (-122.5786499 45.5200501)
6,82Nd Ave Tobacco & Pipe,400 SE 82ND,45.5198142,-122.5786784,POINT (-122.5786784 45.5198142)
7,Fubonn Shopping Center,2850 SE 82nd Ave,45.5013972,-122.577467,POINT (-122.577467 45.5013972)
8,Budlandia,8135 SE Woodard ave,35.715335,-77.900881,POINT (-77.900881 35.715335)
9,Eastport Liquor,8001 SE Powell Blvd,45.4990282,-122.5801484,POINT (-122.5801484 45.4990282)
10,Tj'S On Powell,7827 SE Powell Blvd,45.49769355,-122.58213505,POINT (-122.58213505 45.49769355)
11,Portland Bureau Of Emergency Management (Gate 3),3732 SE 99th Ave,45.4951224,-122.56102964139792,POINT (-122.56102964139792 45.4951224)
12,Jackson'S Food Store,9215 SE Powell Blvd,45.49765045,-122.5680541956754,POINT (-122.5680541956754 45.49765045)
13,Powellhurst Laundromat,9131 SE Powell Blvd,45.497768,-122.5692745,POINT (-122.5692745 45.497768)
14,Bella'S Italian Bakery,9119 SE Woodstock Blvd,45.4793574,-122.5694707,POINT (-122.5694707 45.4793574)
15,Nectar - Lents,9222 SE Woodstock,45.4787519,-122.5681955323854,POINT (-122.5681955323854 45.4787519)
16,Flipside Bar & Grill,9320 SE Woodstock Blvd,45.4784495,-122.567427,POINT (-122.567427 45.4784495)
17,Sapphire At Cedar Crossing (Nursing Home),6003 SE 136th Ave,45.47902165,-122.5246809087134,POINT (-122.5246809087134 45.47902165)
18,Refuge Coffee House,9217 SE Foster Rd,45.479805,-122.5680015,POINT (-122.5680015 45.479805)
19,Humdinger Pizza,9201 SE Foster Rd,45.4799234,-122.5684268,POINT (-122.5684268 45.4799234)
20,Shango,8056 SE HAROLD,45.4828843,-122.58014690018976,POINT (-122.58014690018976 45.4828843)
21,Space Monkey,5511 SE 72ND AVE,45.48280655,-122.5894678,POINT (-122.5894678 45.48280655)
22,Pizzeria Otto Fopo,7122 SE Foster rd,45.4865927,-122.5900651,POINT (-122.5900651 45.4865927)
23,Five & Dime,6535 SE Foster Rd,45.4891183,-122.595065,POINT (-122.595065 45.4891183)
24,Plaid Pantry,6480 SE Foster,45.4890009,-122.5961336,POINT (-122.5961336 45.4890009)
25,Henry Higgins Bagels,6420 SE FOSTER,45.489324,-122.5965138,POINT (-122.5965138 45.489324)
26,Verdi,6004 SE Foster,45.49183375,-122.60179053734866,POINT (-122.60179053734866 45.49183375)
27,Speedboat Coffee,5115 SE Foster Rd,45.49630242857143,-122.60976442857144,POINT (-122.60976442857144 45.49630242857143)
28,Post Office,5010 SE FOSTER,45.4965876,-122.61139799535192,POINT (-122.61139799535192 45.4965876)
29,John's Marketplace,3560 SE Powell Blvd,45.496889583333335,-122.62727358333332,POINT (-122.62727358333332 45.496889583333335)
30,Lower Powell Food Carts,3560 SE Powell,39.51789359470729,-94.27489399450162,POINT (-94.27489399450162 39.51789359470729)
31,Providore Foods,2340 NE Sandy Blvd,45.5271658,-122.64175,POINT (-122.64175 45.5271658)
32,Meatballs,2329 NE Glisan St,45.5266861,-122.6418024,POINT (-122.6418024 45.5266861)
33,Katu Television,2153 NE SANDY,45.5269684,-122.6441748,POINT (-122.6441748 45.5269684)
34,Henry Higgins Bagels,523 NE 19th Ave,45.0075517755102,-93.259605,POINT (-93.259605 45.0075517755102)
35,See See Motorcycle Coffee,1642 NE Sandy Blvd,45.52449835,-122.64872435,POINT (-122.64872435 45.52449835)
36,Metro Regional Center,600 NE GRAND,48.386104,5.4866253,POINT (5.4866253 48.386104)
37,,650 NE HOLLADAY,45.5297494,-122.6591738,POINT (-122.6591738 45.5297494)
38,Green Zebra,808 NE Multnomah St,45.5312458,-122.6573479,POINT (-122.6573479 45.5312458)
39,Calaroga Terrace,1400 NE 2nd Ave,45.5334075,-122.66315777892292,POINT (-122.66315777892292 45.5334075)
40,Paramount Apts.,N Flint & Broadway,53.2091621,-3.0646386,POINT (-3.0646386 53.2091621)
41,Portland Public Schools,501 N. Dixon St.,45.53555,-122.67147879121228,POINT (-122.67147879121228 45.53555)
42,Convention Center,NE Oregon & Martin Luther King Jr Blvd,45.5234498,-122.66185215,POINT (-122.66185215 45.5234498)
43,Cup And Bar,118 NE Mlk blvd,45.5239547,-122.6614318,POINT (-122.6614318 45.5239547)
44,,123 NE 3rd Ave,45.52400705,-122.66304632609442,POINT (-122.66304632609442 45.52400705)
45,Sheridan Fruit Company,409 SE OAK,49.6047003,6.1243938,POINT (6.1243938 49.6047003)
46,Produce Row Cafe,204 SE Oak,40.77776355,-77.84578065679332,POINT (-77.84578065679332 40.77776355)
47,Clark Lewis,1001 SE Water Ave,45.515284,-122.666026,POINT (-122.666026 45.515284)
48,Boke Bowl - Water Ave,1028 SE Water Ave,45.5153617,-122.6655131,POINT (-122.6655131 45.5153617)
49,Water Avenue Coffee,1028 SE WATER AVE #145,32.80961617739069,-93.41704008887244,POINT (-93.41704008887244 32.80961617739069)
50,Mult County Bldg   ,501 SE HAWTHORNE,45.5118694,-122.6602571,POINT (-122.6602571 45.5118694)
51,Baerlic Brewing Company,2239 SE 11th Ave,45.5066364,-122.6549815,POINT (-122.6549815 45.5066364)
52,Farma,916 SE HAWTHORNE,45.512039400000006,-122.65629163170505,POINT (-122.65629163170505 45.512039400000006)
53,11Th Ave Liquor,1601 SE 11th Ave,45.511292,-122.655002,POINT (-122.655002 45.511292)
54,Upper Left Roasters,1204 SE Clay,45.511325150000005,-122.65342985241313,POINT (-122.65342985241313 45.511325150000005)
55,Burgerville,1122 SE Hawthorne Blvd,45.51202865,-122.654003475,POINT (-122.654003475 45.51202865)
56,Tiny'S Coffee,1412 SE 12th Ave,45.512629700000005,-122.65343417497678,POINT (-122.65343417497678 45.512629700000005)
57,,SE 16TH & HAWTHORNE,45.5121416,-122.6491223,POINT (-122.6491223 45.5121416)
58,Devil'S Dill,1711 SE HAWTHORNE,45.5123323,-122.6483021,POINT (-122.6483021 45.5123323)
59,Good Coffee,1150 SE 12th Ave,45.5144796,-122.6534885,POINT (-122.6534885 45.5144796)
60,The Rose Apartments,631 SE TAYLOR,42.240872,-83.2696509,POINT (-83.2696509 42.240872)
61,Post Office Se   ,SE 7TH & TAYLOR,33.1004108,-93.4610066,POINT (-93.4610066 33.1004108)
62,Nw Corner By Cascade Brewing, SE 10th & Belmont,40.2872973,-78.8894685,POINT (-78.8894685 40.2872973)
63,Market Of Choice - ,SE 11th and Belmont,41.6501651,-75.3998687,POINT (-75.3998687 41.6501651)
64,Market Of Choice (Sw Corner Street Entrance),SE 11th & Belmont,45.5162144,-122.654763,POINT (-122.654763 45.5162144)
65,Emanuel Hospital (Rack Inside),501 N Graham,45.5431541,-122.6711803,POINT (-122.6711803 45.5431541)
66,Red Cross  -   ,3131 N VANCOUVER,45.5462277,-122.66857867531884,POINT (-122.66857867531884 45.5462277)
67,New Seasons  Williams Ave. Inside,3445 N. WILLIAMS,32.0485233,-102.1228236,POINT (-102.1228236 32.0485233)
68,New Seasons  Williams  Ave.,N. WILLIAMS & FREMONT,45.5484937,-122.666598,POINT (-122.666598 45.5484937)
69,Eat: Oyster Bar,3808 N Williams Ave,45.55031835,-122.6664603,POINT (-122.6664603 45.55031835)
70,Bridge City Collective,4312 N. WILLIAMS,43.639747,-84.0888733,POINT (-84.0888733 43.639747)
71,Going Street Market,4601 N WILLIAMS,43.639747,-84.0888733,POINT (-84.0888733 43.639747)
72,Ecliptic Mississippi Brewing,825 N. COOK,45.54737005,-122.67511854941364,POINT (-122.67511854941364 45.54737005)
73,Mississippi Pizza,3535 N MISSISSIPPI,34.81278046895574,-96.66990475979075,POINT (-96.66990475979075 34.81278046895574)
74,Stormbreak,N. MISSISSIPPI & BEECH,45.5494693,-122.6754883,POINT (-122.6754883 45.5494693)
75,Biketown Rack,3753 N Mississippi Ave,45.55018685,-122.67595057470282,POINT (-122.67595057470282 45.55018685)
76,Stem Wine Bar,3920 N Mississippi Ave,45.55117835,-122.6751845,POINT (-122.6751845 45.55117835)
77,Barbar,3943 N MISSISSIPPI,45.55151325,-122.67572827514098,POINT (-122.67572827514098 45.55151325)
78,Nectar - Boise,4125 N Mississippi Ave,45.5537757,-122.6757069,POINT (-122.6757069 45.5537757)
79,The Rambler,4205 N Mississippi Ave,45.554071,-122.67579315,POINT (-122.67579315 45.554071)
80,Mississippi Food Cart Pod,N SKIDMORE & MISSISSIPPI,45.5547166,-122.6756149,POINT (-122.6756149 45.5547166)
81,Albina Press,4637 N ALBINA,45.5567452,-122.675134,POINT (-122.675134 45.5567452)
82,,4938 N Albina Ave,45.5588741,-122.6748424,POINT (-122.6748424 45.5588741)
83,Kaiser,3600 N INTERSTATE,45.54817145,-122.680363291538,POINT (-122.680363291538 45.54817145)
84,Jr'S On Broadway,139 SW Broadway,45.5226975,-122.6779657,POINT (-122.6779657 45.5226975)
85,Black Box (Peets Coffee),SW BROADWAY & WASHINGTON,45.4875232,-122.8038795,POINT (-122.8038795 45.4875232)
86,Black Box (Se),SW BROADWAY & JEFFERSON,45.5153686,-122.6816009,POINT (-122.6816009 45.5153686)
87,Starbucks,1437 SW Broadway,45.51442847055968,-122.6824071764864,POINT (-122.6824071764864 45.51442847055968)
88,Mellow Mood,1501 SW BROADWAY,45.5139261,-122.6827926,POINT (-122.6827926 45.5139261)
89,Zion Cannabis,2331 SW 6th Ave,45.50615245,-122.68456365,POINT (-122.68456365 45.50615245)
90,Terwilliger Plaza,2545 SW TERWILLIGER,45.50451935,-122.6847805036189,POINT (-122.6847805036189 45.50451935)
91,Bicc,3280 SW Sam Jackson Park Rd,45.4988936,-122.68762339875992,POINT (-122.68762339875992 45.4988936)
92, - Sam'S Cafe,3181 SW Sam Jackson Park Rd,45.50071025,-122.68745847653,POINT (-122.68745847653 45.50071025)
93,W,2831 SW Barbur Blvd,45.502930250000006,-122.68250780036897,POINT (-122.68250780036897 45.502930250000006)
94,Se,SW 5th & Hall,45.5102522,-122.6823091,POINT (-122.6823091 45.5102522)
95,Black Box,SW 6TH & ALDER (SW),45.5196429,-122.6782266,POINT (-122.6782266 45.5196429)
96,(),SW 6th & Harvey Milk St,45.5209414,-122.6775476,POINT (-122.6775476 45.5209414)
97,Black Box (Se),SW 5th & Washington,45.5202661,-122.6768627,POINT (-122.6768627 45.5202661)
98,Black Box (Nw),SW 5th & Alder,45.5195956,-122.677239,POINT (-122.677239 45.5195956)
99,Black Box,SW 5TH & TAYLOR (SW),45.5176131,-122.6783301,POINT (-122.6783301 45.5176131)
100,Se,SW 5TH & MADISON,45.5155527,-122.6794124,POINT (-122.6794124 45.5155527)
101,Portland Plaza,1500 SW 5,50.1131393,10.3927086,POINT (10.3927086 50.1131393)
102,,SW 6th & Mill,45.5122659,-122.6822048,POINT (-122.6822048 45.5122659)
103,Green Zebra,1704 SW Broadway,45.5124288,-122.6831381,POINT (-122.6831381 45.5124288)
104,Mid-Block,SW 6TH & COLLEGE,45.5095767,-122.6836597,POINT (-122.6836597 45.5095767)
105,Duck House,1968 SW 5th Ave,45.5093034,-122.6825246,POINT (-122.6825246 45.5093034)
106,West End Bikes,1111 SW Harvey Milk St.,45.5225553,-122.6823199,POINT (-122.6823199 45.5225553)
107,Street, SW 11TH & TAYLOR,45.5190589,-122.683838,POINT (-122.683838 45.5190589)
108,Bee Cleaners,1026 SW SALMON,45.5180872,-122.6839433,POINT (-122.6839433 45.5180872)
109,Nw Film Center,SW 10th & Salmon,45.5180313,-122.6834697,POINT (-122.6834697 45.5180313)
110,Portland Art Museum,SW Park & Jefferson,44.62060515,-121.13515634230478,POINT (-121.13515634230478 44.62060515)
111,Oregon Historical Society,1200 SW Park Ave,45.5157211,-122.6824461,POINT (-122.6824461 45.5157211)
112,Sesame Donut,1503 SW Park Ave,45.5142123,-122.6843061,POINT (-122.6843061 45.5142123)
113,,SW Park & Montgomery St,39.277228,-76.644758,POINT (-76.644758 39.277228)
114,Safeway -  (Mid Block),10TH & SW JEFFERSON,45.5159329,-122.6837513,POINT (-122.6837513 45.5159329)
115,Sizzle Pie (W Burn),926 W BURNSIDE,45.5228592,-122.68086,POINT (-122.68086 45.5228592)
116,Living Room Theaters,341 SW 10th Ave,45.52237215,-122.68140787704084,POINT (-122.68140787704084 45.52237215)
117,Sentinel Hotel,614 SW 11th Ave,45.5206146,-122.68258815567216,POINT (-122.68258815567216 45.5206146)
118,Lardo,1205 SW Washington St,45.5221128,-122.6836868,POINT (-122.6836868 45.5221128)
119,,SW 13th & Washington,47.3080052,-119.5623456,POINT (-119.5623456 47.3080052)
120,Commodore Grocery,621 SW 16TH,26.520003525252527,-80.083725989899,POINT (-80.083725989899 26.520003525252527)
121,Coco Donuts,709 SW 17th Ave,45.521719,-122.68943,POINT (-122.68943 45.521719)
122,Providence Park Max SE Side,SW 18th & Morrison,45.5218601,-122.6904959,POINT (-122.6904959 45.5218601)
123,Hotlips,SW 18th & Morrison,45.5218601,-122.6904959,POINT (-122.6904959 45.5218601)
124,Zupans,2340 W BURNSIDE,45.5232052,-122.6993847,POINT (-122.6993847 45.5232052)
125,Multnomah Athletic,1849 SW SALMON,45.520668650000005,-122.69232535798886,POINT (-122.69232535798886 45.520668650000005)
126,Kgw,1501 SW JEFFERSON,45.51792555,-122.68928100239212,POINT (-122.68928100239212 45.51792555)
127,,18TH & SW JEFFERSON,33.485162,-86.865728,POINT (-86.865728 33.485162)
128,West Side Market,919 SW 14TH,45.519556,-122.6873956,POINT (-122.6873956 45.519556)
129,Martha Washington Apartments,1115 SW 11TH,35.7203355,51.3700255,POINT (51.3700255 35.7203355)
130,Nw,SW 11th & Jefferson,45.5164858,-122.68528272674148,POINT (-122.68528272674148 45.5164858)
131,Plaid Pantry,1305 SW 11th Ave,45.5162513,-122.68580469217872,POINT (-122.68580469217872 45.5162513)
132,The Benson Tower,1500 SW 11th Ave,45.5146412,-122.68590091880712,POINT (-122.68590091880712 45.5146412)
133,,SW 12th & Jefferson,38.8887736,-77.0285632,POINT (-77.0285632 38.8887736)
134,The 1200 Building,1220 SW 12TH,45.334563,-122.875037,POINT (-122.875037 45.334563)
135,Peter Paulson Apartments,1530 SW 13TH,40.79776646938775,-96.74032091836736,POINT (-96.74032091836736 40.79776646938775)
136,Vista Spring,2440 SW VISTA AVE.,45.50963793877551,-122.69876928571428,POINT (-122.69876928571428 45.50963793877551)
137,Street,NE 82nd & Jonesmore,45.534034,-122.578772,POINT (-122.578772 45.534034)
138,Lucky Lion,7817 NE Halsey St,45.533684163265306,-122.5827461632653,POINT (-122.5827461632653 45.533684163265306)
139,The Grass Shack,6802 NE Broadway St,45.000505,-93.2130547,POINT (-93.2130547 45.000505)
140,Nectar - Sandy,3350 NE Sandy Blvd,45.5318681,-122.6296941,POINT (-122.6296941 45.5318681)
141,,3028 NE Sandy Blvd,45.5303714,-122.6336976,POINT (-122.6336976 45.5303714)
142,Katie O'Briens,2809 NE Sandy Blvd,45.5295351,-122.63694034608218,POINT (-122.63694034608218 45.5295351)
143,Seven Virtues Coffee,2705 NE SANDY,45.5291465,-122.6381368,POINT (-122.6381368 45.5291465)
144,Basilisk,820 NE 27th Ave,45.5290342,-122.6382126,POINT (-122.6382126 45.5290342)
145,Pollo Norte,2935 NE Glisan St,45.5268024,-122.63509447451474,POINT (-122.63509447451474 45.5268024)
146,K & T Market,2731 NE GLISAN,45.5267851,-122.6374553,POINT (-122.6374553 45.5267851)
147,NE Corner,28TH & NE GLISAN,45.5263813,-122.6369736,POINT (-122.6369736 45.5263813)
148,Stamtisch,401 NE 28th Ave,45.52585525,-122.63745077513336,POINT (-122.63745077513336 45.52585525)
149,City State Diner,126 NE 28TH AVE,45.52383706122449,-122.63712587755104,POINT (-122.63712587755104 45.52383706122449)
150,Crema,100 NE 28TH ST,32.79471405,-97.3484962003173,POINT (-97.3484962003173 32.79471405)
151,Laurelhurst Theater    ,2735 E BURNSIDE,45.52323845,-122.63751375,POINT (-122.63751375 45.52323845)
152,Starbucks - Wwbox,2803 E BURNSIDE,45.5230308,-122.6371351,POINT (-122.6371351 45.5230308)
153,Music Millennium,3158 E BURNSIDE,45.5226861,-122.63207114990048,POINT (-122.63207114990048 45.5226861)
154,Music Millennium,3158 E BURNSIDE,45.5226861,-122.63207114990048,POINT (-122.63207114990048 45.5226861)
155,Street,2725 SE Ankeny,45.52226115,-122.6375812,POINT (-122.6375812 45.52226115)
156,Push Coffeen,2816 SE STARK,45.5191846,-122.636636,POINT (-122.636636 45.5191846)
157,Paradox Cafe,3439 SE BELMONT,45.5165562,-122.6286994,POINT (-122.6286994 45.5165562)
158,Belmont 34Th Grocery,3400 SE BELMONT,45.516363,-122.629381,POINT (-122.629381 45.516363)
159,Straight From Ny Pizza,3330 SE Belmont St,45.5163478,-122.6302699,POINT (-122.6302699 45.5163478)
160,Plaid Pantry,2983 SE Belmont,45.5166991,-122.63508125617506,POINT (-122.63508125617506 45.5166991)
161,Bare Bones Cafe,2908 SE Belmont,45.516216,-122.63567,POINT (-122.63567 45.516216)
162,,SE 26th & Belmont,45.516509,-122.638998,POINT (-122.638998 45.516509)
163,Serra,2519 SE Belmont St,45.51659725,-122.63964230015527,POINT (-122.63964230015527 45.51659725)
164, - Jam,2239 SE Hawthorne Blvd,45.51198960204081,-122.64287481632653,POINT (-122.64287481632653 45.51198960204081)
165,Grand Central   ,2230 SE HAWTHORNE,45.5118724,-122.6426238679448,POINT (-122.6426238679448 45.5118724)
166,Hawthorne Market,2950 SE Hawthorne Blvd,45.5117955,-122.63501877509223,POINT (-122.63501877509223 45.5117955)
167,Ne) - Tov Coffee & Tea,SE 32nd & Hawthorne,45.512004,-122.631307,POINT (-122.631307 45.512004)
168,House Of Vintage,3315 SE HAWTHORNE,45.51228825,-122.63066261053072,POINT (-122.63066261053072 45.51228825)
169,Jackpot Records,3574 SE HAWTHORNE,45.51186155,-122.6271033647452,POINT (-122.6271033647452 45.51186155)
170,Boke Doke,3646 SE Hawthorne Blvd,45.5119249,-122.6259238249694,POINT (-122.6259238249694 45.5119249)
171,Powell'S Books,3723 SE HAWTHORNE,45.512297700000005,-122.6253447542,POINT (-122.6253447542 45.512297700000005)
172,Striaght From Ny Pizza,3701 SE Hawthorne blvd,45.512192,-122.62574950469174,POINT (-122.62574950469174 45.512192)
173,    (North Bar),50TH & SE DIVISION,45.5055078,-122.611298,POINT (-122.611298 45.5055078)
174,Los Gorditas,SE 50th & Division,45.5055078,-122.611298,POINT (-122.611298 45.5055078)
175,Stumptown Coffee,4525 SE Division St,45.5054248,-122.6155605,POINT (-122.6155605 45.5054248)
176,Ohsu Richmond Clinic,3930 SE DIVISION,45.5045654,-122.62229670012756,POINT (-122.62229670012756 45.5045654)
177,() (Nw Corner),39TH & SE DIVISION,45.504943,-122.622742,POINT (-122.622742 45.504943)
178,Brothers Cannabis,3609 SE DIVISION,45.504909600000005,-122.62618655,POINT (-122.62618655 45.504909600000005)
179,Biketown,SE 34th & Division,45.5048351,-122.6300463,POINT (-122.6300463 45.5048351)
180,Richmond Bar  ,3203 SE DIVISION,45.50494285,-122.63253179251764,POINT (-122.63253179251764 45.50494285)
181,() Se Corner,SE 31ST & DIVISION,40.2001466,-79.9401315,POINT (-79.9401315 40.2001466)
182,Bollywood Theater,3010 SE Division St,45.504541,-122.63436565,POINT (-122.63436565 45.504541)
183,Plaid Pantry,2429 SE 26th,45.50496905,-122.63987370009036,POINT (-122.63987370009036 45.50496905)
184,Clinton St Theater   ,2522 SE CLINTON,45.50316455,-122.63989630920204,POINT (-122.63989630920204 45.50316455)
185,Peoples Food (Wwbox),3029 SE 21st ave,45.50080135,-122.6448916498954,POINT (-122.6448916498954 45.50080135)
186,,SE 21st & Clinton,35.5914666,-92.4604361,POINT (-92.4604361 35.5914666)
187,Nectar,2123 SE Division St,45.50507505,-122.643989525,POINT (-122.643989525 45.50507505)
188,Spielman'S Bagels,2111 SE DIVISION,45.50511145,-122.6442309485943,POINT (-122.6442309485943 45.50511145)
189,7 Corners,2007 SE Division St,45.5049312,-122.6454298,POINT (-122.6454298 45.5049312)
190,New Seasons 7 Corners,1954 SE DIVISION,45.50437525,-122.64618598704048,POINT (-122.64618598704048 45.50437525)
191,Virtuous Pie,1126 SE Division St #200,29.637051,-90.673804,POINT (-90.673804 29.637051)
192,Genie'S Cafe   ,1101 SE DIVISION,45.50502265,-122.6545123776087,POINT (-122.6545123776087 45.50502265)
193,Zell'S,1300 SE Morrison St,39.028931,-95.660488,POINT (-95.660488 39.028931)
194,Brunch Box,676 SE Morrison St,45.5170719,-122.6590396,POINT (-122.6590396 45.5170719)
195,Danwei Canting,803 SE Stark St,45.5194565,-122.6573868,POINT (-122.6573868 45.5194565)
196,Sweetpea Cafe,SE 12th & Stark,45.5192424,-122.6535658,POINT (-122.6535658 45.5192424)
197,Triumph Coffee,201 SE 12th Ave,32.80829,-98.102277,POINT (-98.102277 32.80829)
198,Martha'S Cafe/ Show Bar,1300 SE Stark St,45.51896795,-122.65214122044996,POINT (-122.65214122044996 45.51896795)
199,Luxury Bread Bldg,1411 SE Stark,45.51941179591837,-122.65135634693878,POINT (-122.65135634693878 45.51941179591837)
200,Penny Market,2001 SE Stark St,45.51944555,-122.64525640016232,POINT (-122.64525640016232 45.51944555)
201, (Biketown),2137 E BURNSIDE,45.523114,-122.6438568,POINT (-122.6438568 45.523114)
202,Plaid Pantry,11 SE 20th,45.5226333,-122.6458671,POINT (-122.6458671 45.5226333)
203,East Burn,1800 E BURNSIDE,45.5226604,-122.6472994,POINT (-122.6472994 45.5226604)
204,Plaid Pantry,4 SE Grand,59.3940172,17.891260753085895,POINT (17.891260753085895 59.3940172)
205,Sizzle Pie    ,624 E BURNSIDE,45.52270485,-122.65907287567155,POINT (-122.65907287567155 45.52270485)
206,Jupiter Hotel (Office),800 E BURNSIDE,45.52259835,-122.65733178001445,POINT (-122.65733178001445 45.52259835)
207,Kboo Radio,20 SE 8TH,46.04187725,-118.3876843,POINT (-118.3876843 46.04187725)
208,Nong'S Khao Man Gai,609 SE Ankeny St,45.5223816,-122.6593161,POINT (-122.6593161 45.5223816)
209,,143 SE 6th,15.1528702,120.6143014,POINT (120.6143014 15.1528702)
210,          (J&M Cafe),537 SE ASH,45.521632,-122.6599006503161,POINT (-122.6599006503161 45.521632)
211,Elvis Room,203 SE Grand Ave,38.9155515,-94.372204,POINT (-94.372204 38.9155515)
212,Bridge City Collective,215 SE GRAND,48.386104,5.4866253,POINT (5.4866253 48.386104)
213,Next Adventure,426 SE GRAND,55.80906785,12.980831565513837,POINT (12.980831565513837 55.80906785)
214,Moda Yoga,400 SE Grand,48.386104,5.4866253,POINT (5.4866253 48.386104)
215,Dante'S,350 W Burnside St,45.5229433,-122.6736893,POINT (-122.6736893 45.5229433)
216,Portland Outdoor Store,304 SW 3rd Ave,45.5206574,-122.67379674005952,POINT (-122.67379674005952 45.5206574)
217,Rialto,529 SW 4th Ave,25.4646795,-80.4832292,POINT (-80.4832292 25.4646795)
218,Chalice Farms,823 SW Naito Pkwy,45.5165026,-122.67353474374508,POINT (-122.67353474374508 45.5165026)
219,Sw Corner,NW 1st ave & Main,46.8780096,-96.9051393,POINT (-96.9051393 46.8780096)
220,Ne,SW 2nd & Salmon,-23.5267352,-46.4062799,POINT (-46.4062799 -23.5267352)
221,   (Nw),3RD & SW ALDER,46.57478,-122.911538,POINT (-122.911538 46.57478)
222,Black Box (Se),SW 3rd & Jefferson,42.303104,-83.093143,POINT (-83.093143 42.303104)
223,Gated Apartments,1414 SW 3RD,35.3617467,-91.5134411,POINT (-91.5134411 35.3617467)
224,200 Market Bldg   ,200 SW Market St,38.9125759,-94.38007440356728,POINT (-94.38007440356728 38.9125759)
225,Cvs,SW 4th & Harrison,45.5105237,-122.6810948,POINT (-122.6810948 45.5105237)
226,Natural Mart,1726 SW 4th Ave,45.5114089,-122.6801647,POINT (-122.6801647 45.5114089)
227,Plaid Pantry,2075 SW 1st,45.5081979,-122.6792835,POINT (-122.6792835 45.5081979)
228,Village @ Lovejoy Fountain,245 SW LINCOLN,25.5948725,-80.36991161771502,POINT (-80.36991161771502 25.5948725)
229,Grant Tower,2221 SW 1ST,48.34583245,7.831003862000262,POINT (7.831003862000262 48.34583245)
230,Lincoln Tower,2211 SW 1ST,48.34583245,7.831003862000262,POINT (7.831003862000262 48.34583245)
231,Madison Tower,2301 SW 1ST,47.487239,7.692496,POINT (7.692496 47.487239)
232,,SW Moody & Meade,45.5032588,-122.6727539,POINT (-122.6727539 45.5032588)
233,Go By Bike,3303 SW Bond Ave,45.49913463265306,-122.67089134693876,POINT (-122.67089134693876 45.49913463265306)
234,Multnomah County Library Temp,4550 S Macadam Ave,45.4902924,-122.67278141424973,POINT (-122.67278141424973 45.4902924)
235,The Matisse,0677 SW Lowell St,45.4939503,-122.6711068,POINT (-122.6711068 45.4939503)
236,Oracle Coffee Co,3875 SW Bond Ave,45.4951271,-122.671065,POINT (-122.671065 45.4951271)
237,The Ardea,3720 SW BOND,45.49593205,-122.6702946494787,POINT (-122.6702946494787 45.49593205)
238,The Mirabella,3550 SW BOND,45.4972471,-122.670612,POINT (-122.670612 45.4972471)
239,Ohsu Center For Health & Healing,3303 SW BOND AV,45.49913463265306,-122.67089134693876,POINT (-122.67089134693876 45.49913463265306)
240,Ross Island Grocery,3502 SW CORBETT,45.4978216,-122.6757704,POINT (-122.6757704 45.4978216)
241,Swan Mart,4440 SW BARBUR,45.4911051,-122.6774720893545,POINT (-122.6774720893545 45.4911051)
242,Elephants On Corbett,5221 SW Corbett Ave,45.485371650000005,-122.67710312005454,POINT (-122.67710312005454 45.485371650000005)
243,Jola Cafe,5915 S Corbett Ave,45.481002200000006,-122.67712999830049,POINT (-122.67712999830049 45.481002200000006)
244, - Buffalo Gap,6835 SW MACADAM,45.47458055,-122.67190267026676,POINT (-122.67190267026676 45.47458055)
245,Little Amsterdam Wellness,7035 SW Macadam Ave,45.4731439,-122.67177464795738,POINT (-122.67177464795738 45.4731439)
246,Kopb Tv,7140 SW MACADAM,45.47204975,-122.67112765146008,POINT (-122.67112765146008 45.47204975)
247,Nectar,8601 SW Terwilliger Blvd,45.46243145,-122.68534059235104,POINT (-122.68534059235104 45.46243145)
248,Multnomah Greens,3005 SW Multnomah Blvd,45.46657065,-122.70789363204226,POINT (-122.70789363204226 45.46657065)
249,Grand Central   -   ,3425 SW MULTNOMAH,45.4672334,-122.71204959996712,POINT (-122.71204959996712 45.4672334)
250,John'S Marketplace,3535 SW MULTNOMAH BLVD,45.4675078,-122.71311873453472,POINT (-122.71311873453472 45.4675078)
251,Fat City   -    ,7820 SW Capitol Hwy,45.46781725,-122.71321327329058,POINT (-122.71321327329058 45.46781725)
252,Starbucks  -   Wwbox,7737 SW CAPITOL HIGHWAY,45.4686152,-122.71152865,POINT (-122.71152865 45.4686152)
253,Spielman Bagels,7713 SW Capitol Hwy,45.4686456,-122.710929,POINT (-122.710929 45.4686456)
254,Jewish Community Center,6651 SW CAPITOL HIGHWAY,45.4773426,-122.70389458130283,POINT (-122.70389458130283 45.4773426)
255,Sasquatch Brewery,6440 SW CAPITOL HWY,45.4776303,-122.69881320943296,POINT (-122.69881320943296 45.4776303)
256,Mcmenamins Hillsdale Brewery,1505 SW Sunset Blvd,45.4792439,-122.6936922,POINT (-122.6936922 45.4792439)
257,Salvador Molly'S,1523 SW Sunset Blvd,45.4796219,-122.69399189636984,POINT (-122.69399189636984 45.4796219)
258,Hillsdale Library,1525 SW SUNSET BLVD,45.4798337,-122.69408653843304,POINT (-122.69408653843304 45.4798337)
259,Genes Deli,9220 SW BARBUR BLVD SUITE 118,45.4714329,-122.6810514,POINT (-122.6810514 45.4714329)
260,Barbur World Foods,9845 SW BARBUR BLVD,45.4543862,-122.72001229474006,POINT (-122.72001229474006 45.4543862)
261,Green Goddess Dispensary,5435 SW Taylors Ferry Rd,45.45498055,-122.73320859666018,POINT (-122.73320859666018 45.45498055)
262,Capitol Hill Library,10723 SW CAPITOL HWY,45.4480033,-122.72544922493633,POINT (-122.72544922493633 45.4480033)
263,7/11 Convenience Store,11111 SW CAPITOL HWY,45.44514100000001,-122.72743095778527,POINT (-122.72743095778527 45.44514100000001)
264,New Seasons Palisades,1377 McVey Ave,45.4053519,-122.67746869865294,POINT (-122.67746869865294 45.4053519)
265,Lake Oswego Library,706 4TH ST.,40.87665595,-73.32982673118322,POINT (-73.32982673118322 40.87665595)
266,Lake Grove Post Office,15875 BOONES FERRY RD,45.41114035,-122.71941345514033,POINT (-122.71941345514033 45.41114035)
267,Zupans,16380 Boones Ferry Rd,45.407113,-122.72429337705802,POINT (-122.72429337705802 45.407113)
268,New Seasons  Raleigh Hills,7300 SW BEAVERTON HILLSDALE,45.485308,-122.7519281,POINT (-122.7519281 45.485308)
269,Five Zero Trees,5336 SW Beaverton Hillsdale Hwy,45.4867059,-122.73249810071968,POINT (-122.73249810071968 45.4867059)
270,Jack'S Tap Room & Qrtrback Bar,4342 SW BEAVERTON HILLSDALE,45.48550635,-122.72203830620606,POINT (-122.72203830620606 45.48550635)
271,New Seasons  Grant Park,3210 NE BROADWAY,45.5348106,-122.632647,POINT (-122.632647 45.5348106)
272,Cha Cha Cha,2635 NE BROADWAY,45.5353153,-122.6382912,POINT (-122.6382912 45.5353153)
273,Spielman'S Bagels,2220 NE BROADWAY,45.53492569183938,-122.64266041688818,POINT (-122.64266041688818 45.53492569183938)
274,St Simons Coffee,2005  NE BROADWAY,40.7964935,-73.97033,POINT (-73.97033 40.7964935)
275,Cadillac Cafe,1801 NE BROADWAY,45.5351789,-122.6474544,POINT (-122.6474544 45.5351789)
276,Broadway Grill & Brewery,1700 NE BROADWAY,45.5348747,-122.648191,POINT (-122.648191 45.5348747)
277,Plaid Pantry,1715 NE 16th,45.5352344,-122.6498546,POINT (-122.6498546 45.5352344)
278,Lloyd Center North,1407 NE Halsey,34.747019560723665,-86.56877040539898,POINT (-86.56877040539898 34.747019560723665)
279,Street,15TH & NE WEIDLER,45.5342592,-122.6507037,POINT (-122.6507037 45.5342592)
280,Mcmenamins,1504 NE BROADWAY,45.5348517,-122.650244,POINT (-122.650244 45.5348517)
281,Peet'S Coffee,15TH & NE BROADWAY,45.5347887,-122.6503989,POINT (-122.6503989 45.5347887)
282,Jimmy John'S,1139 NE Broadway,45.5351934,-122.6537074,POINT (-122.6537074 45.5351934)
283, (Bus Stop),NE 9th & Broadway,45.5351552,-122.6564154,POINT (-122.6564154 45.5351552)
284,Us Post Office -  (Midblock),815 NE SCHUYLER,45.53601775,-122.6572611870924,POINT (-122.6572611870924 45.53601775)
285,Tiny'S Coffee,2031 NE M L King Blvd,30.4953542,-84.4724213,POINT (-84.4724213 30.4953542)
286,Jayne,2145 NE MLK Blvd,45.5387487,-122.6620459,POINT (-122.6620459 45.5387487)
287,Lotties & Zulas,120-A NE Russell St,45.5408689,-122.5721959,POINT (-122.5721959 45.5408689)
288,Mult County Lib (Headquarters),216 NE Knott St,45.5416688,-122.6630784,POINT (-122.6630784 45.5416688)
289,,2709 NE 7th Ave,45.542319,-122.6588424,POINT (-122.6588424 45.542319)
290,Saint Simon (Brazee),2526 NE 15th Ave,44.08414773469388,-116.9089443877551,POINT (-116.9089443877551 44.08414773469388)
291,Cedos,3901 NE MLK,45.55092685,-122.6618567997984,POINT (-122.6618567997984 45.55092685)
292,King Of Canna,1465 NE PRESCOTT,45.55573235,-122.65055065,POINT (-122.65055065 45.55573235)
293,Whole Foods (Mid Lot),3535 NE 15TH AVE,45.5490219,-122.65140431581528,POINT (-122.65140431581528 45.5490219)
294,Starbucks ,NE 15TH AVE & FREMONT,45.5486653,-122.65147064875,POINT (-122.65147064875 45.5486653)
295,Street,NE 24th & Fremont,45.5483773,-122.6411991,POINT (-122.6411991 45.5483773)
296,Everest Market,3734 NE 42nd Ave,45.5502935,-122.6201169,POINT (-122.6201169 45.5502935)
297,Middle Of South Block,NE 42ND & FREMONT,45.548542,-122.620435,POINT (-122.620435 45.548542)
298,Grand Central Bakery,4440 NE Fremont St,45.5481254,-122.617135,POINT (-122.617135 45.5481254)
299,Street,NE 47th & Fremont,47.6628859,-122.353992,POINT (-122.353992 47.6628859)
300,Cura Leaf,5103 NE Fremont,45.5483612,-122.6100561,POINT (-122.6100561 45.5483612)
301,Fire On The Mountain,3443 NE 57th Ave,45.5480432,-122.6049402,POINT (-122.6049402 45.5480432)
302,Hannex,6127 NE Fremont,45.548442,-122.5996498,POINT (-122.5996498 45.548442)
303,Samos Bistro And Deli,7215 NE Prescott St,45.5555792,-122.5886449,POINT (-122.5886449 45.5555792)
304,Bison Coffeehouse,3941 NE Cully Blvd,45.5517672,-122.6042405,POINT (-122.6042405 45.5517672)
305,Attis,4920 NE Cully Blvd,45.5589331,-122.5974285,POINT (-122.5974285 45.5589331)
306,Friendly Food Mart (Shell),6010 NE Killingsworth,45.56246025,-122.60047458816,POINT (-122.60047458816 45.56246025)
307,Providence Elderplace,5119 NE 57th,45.55962495,-122.60488939353893,POINT (-122.60488939353893 45.55962495)
308,Miss Zumstein,5027 NE 42nd Ave,45.5594407,-122.6205907,POINT (-122.6205907 45.5594407)
309,43Rd And K Landromat,4337 NE Killingsworth St,45.5631456,-122.6180863,POINT (-122.6180863 45.5631456)
310,Faubion Middle School,2930 NE Dekum St,45.5707467,-122.63412818442832,POINT (-122.63412818442832 45.5707467)
311,Mcmenamins Kennedy Sch,5736 NE 33RD,45.5644786,-122.629980725,POINT (-122.629980725 45.5644786)
312,New Seasons  Concordia ,5320 NE 33RD,45.5612116,-122.63015475,POINT (-122.63015475 45.5612116)
313,Mary Jane'S House Of Glass,5425 NE 33rd Ave,45.5624824,-122.6308307,POINT (-122.6308307 45.5624824)
314,Uplift Botanical,5421 NE 33rd Ave,45.5624457,-122.6309602,POINT (-122.6309602 45.5624457)
315,Alberta Theater,3000 NE Alberta St,45.5587947,-122.63452539908312,POINT (-122.63452539908312 45.5587947)
316,Jinx Cafe   ,30TH & NE KILLINGSWORTH,45.562623,-122.63478,POINT (-122.63478 45.562623)
317,Gnome Grown,5012 NE 28th Ave,45.5593032,-122.63657861457966,POINT (-122.63657861457966 45.5593032)
318,Teote,2700 NE Alberta St,45.558932,-122.6376726,POINT (-122.6376726 45.558932)
319,Nutri Taco - Rack (Empty Rack Of Old Papers),2124 NE ALBERTA,45.55890445,-122.6432958994648,POINT (-122.6432958994648 45.55890445)
320,Random Order,NE 18TH & ALBERTA,45.5590803,-122.6468007,POINT (-122.6468007 45.5590803)
321,Barista,1725 NE ALBERTA,45.559224150000006,-122.64730134643344,POINT (-122.64730134643344 45.559224150000006)
322,Alberta Food Co-Op,1500 NE Alberta St,45.5589415,-122.64953354676608,POINT (-122.64953354676608 45.5589415)
323,Electric Lettuce,1313 NE Alberta St,45.5591991,-122.6522027,POINT (-122.6522027 45.5591991)
324,Donnie Vegas,1203 NE Alberta St,45.55925455,-122.65350567484172,POINT (-122.65350567484172 45.55925455)
325,Alberta Pub,1036 NE Alberta St,45.5589554,-122.65483434709128,POINT (-122.65483434709128 45.5589554)
326,Alberta Market,909 NE Alberta St,45.55923615,-122.65639212548504,POINT (-122.65639212548504 45.55923615)
327,Safeway,5920 NE Martin Luther King Jr Blvd,45.5658372,-122.6603328,POINT (-122.6603328 45.5658372)
328,Post Office   ,630 NE KILLINGSWORTH,45.56213940000001,-122.6590310998558,POINT (-122.6590310998558 45.56213940000001)
329,Street,1603 NE Killingsworth St,45.5628574,-122.6488951,POINT (-122.6488951 45.5628574)
330,Podnah's,1625 NE Killingsworth,45.56285625,-122.64830057758746,POINT (-122.64830057758746 45.56285625)
331,Potland Dispensary,1761 NE Dekum St,45.5720802,-122.6469859,POINT (-122.6469859 45.5720802)
332,P'S & Q'S,1301 NE Dekum,45.57202015,-122.65150947884617,POINT (-122.65150947884617 45.57202015)
333,P & Q Market  Advertiser,1301 NE DEKUM,45.57202015,-122.65150947884617,POINT (-122.65150947884617 45.57202015)
334,The Woodlawn,909 NE Oneonta St,45.572166,-122.6566312,POINT (-122.6566312 45.572166)
335,Good Neighbor Pizza,800 NE DEKUM  ST,45.57156515,-122.65720712338228,POINT (-122.65720712338228 45.57156515)
336,Marquis Piedmont Post Acute Rehab,319 NE Russet St,45.57802,-122.66218285858588,POINT (-122.66218285858588 45.57802)
337,Turn! Turn! Turn!,8 NE Killingsworth St,45.56254385,-122.6666201,POINT (-122.6666201 45.56254385)
338,Kc Mart,309 N Killingsworth St,45.5629495,-122.6698731,POINT (-122.6698731 45.5629495)
339,The Florida Room,435 N. KILLINGSWORTH,45.56290225,-122.67090178859816,POINT (-122.67090178859816 45.56290225)
340,Library,512 N KILLINGSWORTH,45.562458750000005,-122.6715374934238,POINT (-122.6715374934238 45.562458750000005)
341,Cherry Sprout Produce,722 N Sumner St,45.5602823,-122.6744632,POINT (-122.6744632 45.5602823)
342,Coffeehouse 5,740 N KILLINGSWORTH,45.56254945,-122.6747913500245,POINT (-122.6747913500245 45.56254945)
343,Haymaker Bar,1233 N Killingsworth St,45.5627853,-122.6800765,POINT (-122.6800765 45.5627853)
344,,N INTERSTATE & N KILLINGSWORTH,45.5625893,-122.6816875,POINT (-122.6816875 45.5625893)
345,New Seasons Arbor Lodge Community Rack,6400 N INTERSTATE AVE.,45.56876445,-122.68174595935356,POINT (-122.68174595935356 45.56876445)
346, (New Seasons  Arbor Lodge),6400 N INTERSTATE AVE,45.56876445,-122.68174595935356,POINT (-122.68174595935356 45.56876445)
347,Satchel Dispensary,6900 N. INTERSTATE,29.49350945,-98.40021625,POINT (-98.40021625 29.49350945)
348,Nighthawk,6423 N INTERSTATE,45.569522,-122.6823877,POINT (-122.6823877 45.569522)
349,Satellite Tavern,5101 N INTERSTATE AVE.,45.5599535,-122.6825632,POINT (-122.6825632 45.5599535)
350,Plaid Pantry,2010 N Killingsworth,45.5624753,-122.687785,POINT (-122.687785 45.5624753)
351,New Amsterdam,2201 N Killingsworth St,45.56288255,-122.6894866064261,POINT (-122.6894866064261 45.56288255)
352,Milk Glass Market,2150 N Killingsworth,45.5626078,-122.6898069,POINT (-122.6898069 45.5626078)
353, (Bus Stop / 7-11),KILLINGSWORTH N GREELEY,45.562852,-122.695701,POINT (-122.695701 45.562852)
354, (El Burrito Azteca),6500 N DENVER,45.5700622,-122.6871425,POINT (-122.6871425 45.5700622)
355,Evergreen Market Area,6500 N. DENVER,45.5700622,-122.6871425,POINT (-122.6871425 45.5700622)
356,Presso Coffee Bar,2020 N McClellan St,45.5829956,-122.68743791154304,POINT (-122.68743791154304 45.5829956)
357,,8233 N DENVER AVE,45.58292945,-122.68723362477098,POINT (-122.68723362477098 45.58292945)
358, (Kenton Library),8226 N DENVER,45.5828074,-122.6864628364672,POINT (-122.6864628364672 45.5828074)
359,Posies Bakery & Cafe,8208 N Denver Ave,45.5825809,-122.68659360009504,POINT (-122.68659360009504 45.5825809)
360,Smoke It Up   (Advertiser),8213 N. DENVER,45.5826466,-122.68717910284204,POINT (-122.68717910284204 45.5826466)
361,Kind Heart Dispensary,8217 N Denver Ave,45.58272525,-122.6871794,POINT (-122.6871794 45.58272525)
362,Triple Crown Market,8203 N Denver Ave,39.24381495959596,-94.51855535353536,POINT (-94.51855535353536 39.24381495959596)
363,,8134 N Denver Ave,39.24109594546339,-94.51699195373648,POINT (-94.51699195373648 39.24109594546339)
364,Mayfly Tap Room,8350 N Fenwick Ave,43.667482,-116.270329,POINT (-116.270329 43.667482)
365, (Green Zebra),3011 N. LOMBARD,45.5773984,-122.6976855534119,POINT (-122.6976855534119 45.5773984)
366,Portland Pot Shop,4730 N Lombard St,45.57950065,-122.7164794422376,POINT (-122.7164794422376 45.57950065)
367,Pypes Palace,4760 N LOMBARD,45.5796289,-122.7169123,POINT (-122.7169123 45.5796289)
368,New Seasons (Cust. Rack Inside Double Doors),6300 N LOMBARD,45.5847641,-122.73105053048124,POINT (-122.73105053048124 45.5847641)
369,New Seasons  (Front Entrance),6300 N LOMBARD,45.5847641,-122.73105053048124,POINT (-122.73105053048124 45.5847641)
370,Assumption Village Retirement Home,9121 N Burr Ave,45.5910533,-122.74078717042002,POINT (-122.74078717042002 45.5910533)
371,Rose City Taqueria,7007 N Fessenden St,45.59372375,-122.73551776811168,POINT (-122.73551776811168 45.59372375)
372,Shamrock Shopping Center,8116 N Fessenden St,45.5959627,-122.74647827912828,POINT (-122.74647827912828 45.5959627)
373,Club Sky High,8957 N Lombard,45.59213971428572,-122.75628528571428,POINT (-122.75628528571428 45.59213971428572)
374,Liquor Store,8915 N Lombard,45.59186925,-122.75616249698244,POINT (-122.75616249698244 45.59186925)
375,Bookshop,8713 N Lombard St,45.5910507,-122.754943,POINT (-122.754943 45.5910507)
376,St. Johns Square,8539 N LOMBARD,45.5902706,-122.7545457,POINT (-122.7545457 45.5902706)
377,Chop,8537 N Lombard St,45.5902453,-122.754461,POINT (-122.754461 45.5902453)
378,Stormbreaker,8409 N Lombard St,45.58988575,-122.753038,POINT (-122.753038 45.58988575)
379,Signal Station (Pizza),8302 N Lombard St,45.58920745,-122.7523183373734,POINT (-122.7523183373734 45.58920745)
380,St. Johns Library,7510 N CHARLESTON AVE,45.5900361,-122.75105275,POINT (-122.75105275 45.5900361)
381,Food Carts,N Richmond & Lombard,40.553581,-74.201301,POINT (-74.201301 40.553581)
382,Leisure,8002 N LOMBARD,45.58909795,-122.74822385,POINT (-122.74822385 45.58909795)
383,Burr Food Carts,7316 N Lombard St,45.58774614285714,-122.74219414285712,POINT (-122.74219414285712 45.58774614285714)
384,Stadium Fred Meyer Box1,NW 20th & Burnside,45.5232197,-122.6929169,POINT (-122.6929169 45.5232197)
385,Stadium Fred Meyer Box2,100 NW 20TH PLACE,45.5238492,-122.693107,POINT (-122.693107 45.5238492)
386,Taco Bell   ,NW 21ST & BURNSIDE,45.5231518,-122.6944561,POINT (-122.6944561 45.5231518)
387,Elephants Delicatessan - ,115 NW 22nd Ave,45.52397015,-122.69669676595048,POINT (-122.69669676595048 45.52397015)
388,Cannabliss Nw,2231 W Burnside St,45.5234568,-122.6971367,POINT (-122.6971367 45.5234568)
389,Se,NW Flanders & 23rd,45.5256067,-122.6985408,POINT (-122.6985408 45.5256067)
390,Mcmenamins - Ram'S Head,2282 NW Hoyt St,45.5268254,-122.698341,POINT (-122.698341 45.5268254)
391,23 Hoyt -  (Sw),529 NW 23RD,45.5268057,-122.6986927,POINT (-122.6986927 45.5268057)
392, (Nw),701 NW 23RD,43.87356795,-92.49637615,POINT (-92.49637615 43.87356795)
393,Tea Social,806 NW 23RD,42.7330491,-73.70806140169213,POINT (-73.70806140169213 42.7330491)
394,Oregon Weedery,2312 NW Kearney St,45.5289186,-122.69899716185648,POINT (-122.69899716185648 45.5289186)
395,Little Big Burger,930 NW 23rd Ave,25.782021800000003,-80.23369343392136,POINT (-80.23369343392136 25.782021800000003)
396, (Btwn Alotta Gelato & Blue Star Donut),931 NW 23rd Ave,25.7819098,-80.23311745271005,POINT (-80.23311745271005 25.7819098)
397,Franklin Ide Apartments,2240 NW Lovejoy St,45.5296151,-122.6976658,POINT (-122.6976658 45.5296151)
398,Spielman'S Bagels,2314 NW LOVEJOY,45.5296027,-122.69902785372516,POINT (-122.69902785372516 45.5296027)
399, (Nw),NW 23RD & MARSHALL,45.5306216,-122.6986695,POINT (-122.6986695 45.5306216)
400,Grant'S Philly Cheesesteak,1203 NW 23RD,45.5313934,-122.6989092,POINT (-122.6989092 45.5313934)
401,Starbucks - ,NW 23RD & OVERTON,45.5320334,-122.6987795,POINT (-122.6987795 45.5320334)
402,Mary Jane'S House Of Glass,1425 NW 23RD AVE,29.673901062903205,-82.34089229751045,POINT (-82.34089229751045 29.673901062903205)
403,Stepping Stone Cafe,2390 NW Quimby St,45.533225,-122.7006336,POINT (-122.7006336 45.533225)
404,Willamette Week - ,2220 NW  QUIMBY,45.53329228443659,-122.69722563965674,POINT (-122.69722563965674 45.53329228443659)
405, (Grassa),1506 NW 23rd Ave,45.5334678,-122.698605,POINT (-122.698605 45.5334678)
406,Post Office - ,NW 24th & Savier,45.5344053,-122.7168977,POINT (-122.7168977 45.5344053)
407,Pine State Biscuit,1717 NW 23rd Ave,45.5349122,-122.6990241,POINT (-122.6990241 45.5349122)
408,Library,2300 NW THURMAN,45.53533595,-122.69914461431009,POINT (-122.69914461431009 45.53533595)
409,Black-Box (New Seasons),2170 NW RALEIGH,45.53369535,-122.69616946137336,POINT (-122.69616946137336 45.53369535)
410,Black Box (Besaws),1545 NW 21st Ave,45.5339194,-122.6949328,POINT (-122.6949328 45.5339194)
411,Black-Box (New Seasons),2180 NW QUIMBY,45.1847318981684,-94.21157415947658,POINT (-94.21157415947658 45.1847318981684)
412,Anna Bananas,1214 NW 21ST,45.5315998,-122.6943372,POINT (-122.6943372 45.5315998)
413, (Ne),NW 21ST & NORTHRUP,45.5311897,-122.6945527,POINT (-122.6945527 45.5311897)
414, (Ne),NW 22ND & NORTHRUP,45.53130455,-122.69643349825614,POINT (-122.69643349825614 45.53130455)
415,Good Sam Hospital -  (Se),NW 22ND & MARSHALL,39.945813,-96.407826,POINT (-96.407826 39.945813)
416,Good Sam Hospital (Inside),1015 NW 22ND,45.5300829,-122.69556331389676,POINT (-122.69556331389676 45.5300829)
417,Bus Stop -  (Sw),NW 22ND & LOVEJOY,45.5297791,-122.6968348491312,POINT (-122.6968348491312 45.5297791)
418, (Sw),NW 21ST & LOVEJOY,45.5301144,-122.6944903,POINT (-122.6944903 45.5301144)
419,Starbucks,1012 NW 21,52.3748092,4.887660923315792,POINT (4.887660923315792 52.3748092)
420,Bentley'S Bagels,918 NW 21st Ave,35.235637530612244,-101.84483789795918,POINT (-101.84483789795918 35.235637530612244)
421,Ranch Pizza,916 NW 21st Ave,45.52943985,-122.69433597437558,POINT (-122.69433597437558 45.52943985)
422,Laughing Planet,909 NW 21st Ave,45.5294297,-122.6947138,POINT (-122.6947138 45.5294297)
423,Cinema 21 - ,602 NW 21ST,45.5271733,-122.6942487,POINT (-122.6942487 45.5271733)
424,Kung Pow,500 NW 21st Ave,45.5264809,-122.69422665,POINT (-122.69422665 45.5264809)
425,Trader Joe'S -  (Exit Thru Lot),2122 NW GLISAN,45.52608215,-122.695171563315,POINT (-122.695171563315 45.52608215)
426,Ken'S Artisan Bakery,338 NW 21ST,26.15477137558257,-80.14857022051304,POINT (-80.14857022051304 26.15477137558257)
427,Uptown Arms Manor Apts,2175  NW DAVIS,45.5243074,-122.69606052587436,POINT (-122.69606052587436 45.5243074)
428,Blue Moon (Mcmenamens),432 NW 21ST,26.154759829553758,-80.14915213606487,POINT (-80.14915213606487 26.154759829553758)
429,St Honore Bakery - ,2335 NW THURMAN,45.5355983,-122.6996881,POINT (-122.6996881 45.5355983)
430,The Food Front - ,2375 NW THURMAN,45.5357166,-122.70040136299107,POINT (-122.70040136299107 45.5357166)
431,Thurman Street Collective,2384 NW Thurman St,45.535376,-122.7006025,POINT (-122.7006025 45.535376)
432,Sw,NW 24th & Thurman,45.5353965,-122.7009636,POINT (-122.7009636 45.5353965)
433,Groundwork Coffee Cafe,2355 NW VAUGHN,45.53735345,-122.69999639502036,POINT (-122.69999639502036 45.53735345)
434,Jll Building Lobby,220 NW 2nd,32.720377641728135,-102.64639834711367,POINT (-102.64639834711367 32.720377641728135)
435,Trailhead Credit Union,221 NW 2nd Ave,45.524969,-122.6727415,POINT (-122.6727415 45.524969)
436,Goodies Snack Shop,139 NW 2nd Ave,45.5244471,-122.6726317,POINT (-122.6726317 45.5244471)
437,Society Hotel (Interior),NW 3rd & Davis,43.4134135,-71.1400658,POINT (-71.1400658 43.4134135)
438,Electric Lettuce,214 NW Couch,45.5237307,-122.6728155,POINT (-122.6728155 45.5237307)
439,Deadstock Coffee,408 NW Couch St,45.523682,-122.674859,POINT (-122.674859 45.523682)
440,Nw,NW 5th & Couch,45.5238968,-122.675456,POINT (-122.675456 45.5238968)
441,,NW COUCH & 6TH,45.5236547,-122.6831692,POINT (-122.6831692 45.5236547)
442,Helen M. Swindell Apmts.,10 NW BROADWAY,45.5233225,-122.6772418,POINT (-122.6772418 45.5233225)
443,Nw,NW Broadway & Davis,40.9877737,-111.9100302,POINT (-111.9100302 40.9877737)
444,John'S Cafe,NW Broadway & Everett,40.6500323,-73.6835283,POINT (-73.6835283 40.6500323)
445,Bus Stop,NW 5th & Everett,45.5251816,-122.6756459,POINT (-122.6756459 45.5251816)
446,Transition Projects: Doreen'S Place,610 NW Broadway,45.52748775510204,-122.67747991836735,POINT (-122.67747991836735 45.52748775510204)
447,Union Station,800 NW 6TH,40.50706,-81.4512542,POINT (-81.4512542 40.50706)
448,World Food Market,830 NW EVERETT,45.5249212,-122.67984490073208,POINT (-122.67984490073208 45.5249212)
449,Los Gorditos,922 NW Davis,33.88947922315729,-83.74640329064559,POINT (-83.74640329064559 33.88947922315729)
450,E,40 NW 10TH AVE,45.5235181,-122.6809292,POINT (-122.6809292 45.5235181)
451,,NW 10th & Everett,41.93045405,-74.00872475,POINT (-74.00872475 41.93045405)
452,Rich'S Cigar Store,922 NW FLANDERS,45.5257146,-122.6807454,POINT (-122.6807454 45.5257146)
453,Ne,NW 10th & Flanders,40.9034328,-72.6175936,POINT (-72.6175936 40.9034328)
454,,NW 10th & Hoyt,45.5276255,-122.68078375090658,POINT (-122.68078375090658 45.5276255)
455,() (Trolly-Se Corner),NW 10TH & JOHNSON,45.5285765,-122.681298,POINT (-122.681298 45.5285765)
456,Lovejoy Bakers,939 NW 10TH AVE,45.529876,-122.6815702,POINT (-122.6815702 45.529876)
457,Lovejoy Bakery ,10TH & NW LOVEJOY,45.5255422,-122.6810572,POINT (-122.6810572 45.5255422)
458,Pearl Market & Specialty,900 NW Lovejoy St Suite 140,42.8922767,-78.7888639,POINT (-78.7888639 42.8922767)
459,9Th Avenue Mini Mart,1028 NW 9TH AVE,45.5304292,-122.6801634,POINT (-122.6801634 45.5304292)
460,Tanner Springs Park NE Side,NW 10TH & MARSHALL,34.326111,-86.512599,POINT (-86.512599 34.326111)
461,Nw,NW 10th & Northrup,45.5312793,-122.6813959,POINT (-122.6813959 45.5312793)
462,The Fields Park,NW 11th & Overton,43.8401302,-66.1430115,POINT (-66.1430115 43.8401302)
463,Via Delizia,1105 NW marshall st,45.5314505,-122.6942985,POINT (-122.6942985 45.5314505)
464,,NW 12th & Marshall,34.336862,-86.512479,POINT (-86.512479 34.336862)
465,Safeway NW Corner,13TH & NW LOVEJOY,45.5300002,-122.68474464375,POINT (-122.68474464375 45.5300002)
466,Planet Granite,1405 NW 14th Ave,45.5331024,-122.68606695,POINT (-122.68606695 45.5331024)
467,Chipolte (Box),NW 12TH & LOVEJOY,43.6489644,-71.4267394,POINT (-71.4267394 43.6489644)
468,Starbucks   ,NW 11TH & LOVEJOY,43.6489644,-71.4267394,POINT (-71.4267394 43.6489644)
469,,NW 11th & Irving,42.5675589,-79.1128169,POINT (-79.1128169 42.5675589)
470,Rei,NW 14TH & JOHNSON,41.3662053,-74.5065481,POINT (-74.5065481 41.3662053)
471,Tilt,1355 NW Everett St,45.5252129,-122.6849384,POINT (-122.6849384 45.5252129)
472,,NW 11th & Everett,45.525061,-122.6818703,POINT (-122.6818703 45.525061)
473,Von Ebert Brewing,131 NW 13th Ave,26.65427586618439,-82.00024500449224,POINT (-82.00024500449224 26.65427586618439)
474,Cvs,105 NW 13th Ave,45.52383255,-122.68454165631404,POINT (-122.68454165631404 45.52383255)
475,Sw,NW 12TH & COUCH,40.7609661,-73.8624244,POINT (-73.8624244 40.7609661)
476,Sw,NW 11th & Couch,45.5237922,-122.682175,POINT (-122.682175 45.5237922)
477,La Mota,9046 NE Sandy Blvd,45.55603075,-122.56912779809022,POINT (-122.56912779809022 45.55603075)
478,Doctor'S Orders,3424 NE 82ND AVE,45.54757455,-122.5784122982008,POINT (-122.5784122982008 45.54757455)
479,Shopeteria,8535 NE Fremont St,45.5483717,-122.5758548,POINT (-122.5758548 45.5483717)
480,Plaid Pantry,8110 NE Fremont,45.5478932,-122.5795719,POINT (-122.5795719 45.5478932)
481,Mapi'S Market,7320 NE Fremont St,45.5479858,-122.5871793,POINT (-122.5871793 45.5479858)
482,Rose City Liquor Store,7253 NE Sandy Blvd,45.54872985,-122.58829820119166,POINT (-122.58829820119166 45.54872985)
483,Fairley'S Pharmacy,7206 NE SANDY,45.5483529,-122.5885368,POINT (-122.5885368 45.5483529)
484,Kainos Coffee,6633 NE Sandy Blvd,45.54638915,-122.59471317486818,POINT (-122.59471317486818 45.54638915)
485,Plaid Pantry,6220 NE Sandy,45.5441626,-122.59898892169652,POINT (-122.59898892169652 45.5441626)
486,Case Study Coffee,5347 NE Sandy Blvd,45.54094444186047,-122.60803493023256,POINT (-122.60803493023256 45.54094444186047)
487,Post Office - ,50TH & NE SANDY,45.539507,-122.611486,POINT (-122.611486 45.539507)
488,Joule,4615 NE Sandy Blvd,45.5382194,-122.61576471309796,POINT (-122.61576471309796 45.5382194)
489,Whole Foods - Inside Front Entrance Display,4301 NE SANDY,50.889248300000006,4.26661773478261,POINT (4.26661773478261 50.889248300000006)
490,Bank   -   ,NE 43RD & SANDY,40.6775166,-99.8488745,POINT (-99.8488745 40.6775166)
491,42Nd St Station    -   ,2000 NE 42ND,45.5371442,-122.6197267,POINT (-122.6197267 45.5371442)
492,Reo'S Ribs ,4211-4225 NE Sandy Blvd,45.5250561,-122.6481242,POINT (-122.6481242 45.5250561)
493,Fleur De Lis   -    ,3930 NE  HANCOCK,45.536288,-122.6222076,POINT (-122.6222076 45.536288)
494,Hollywood Library   -   ,4040 NE TILAMOOK,48.2655809,-118.3675261,POINT (-118.3675261 48.2655809)
495,Hollywood Library,4040 NE Tillamook st,45.537627,-122.6211734,POINT (-122.6211734 45.537627)
496,Vivianne Kitchen And Pantry,4128 NE Sandy Blvd,45.5356611,-122.6206,POINT (-122.6206 45.5356611)
497,Ptld Urgent Care,4160 NE SANDY BLVD,45.5358445,-122.6201696,POINT (-122.6201696 45.5358445)
498,Hollywood Townhouse,4265 NE HALSEY,45.53406495,-122.61883018144523,POINT (-122.61883018144523 45.53406495)
499,Trader Joe'S (Parking Lot)   -   ,4121 NE HALSEY,45.53470085,-122.62080904721536,POINT (-122.62080904721536 45.53470085)
500,Hotcake House,1002 SE POWELL,45.50112855,-122.65557715,POINT (-122.65557715 45.50112855)
501,Aladdin Theatre,3017 SE Milwaukie Ave,45.50068885,-122.65459158655128,POINT (-122.65459158655128 45.50068885)
502,Bob'S Handy Pantry,3354 SE Milwaukie,45.4986077,-122.653762,POINT (-122.653762 45.4986077)
503,Rose City Coffee,3370 SE MILWAUKIE,45.4986325,-122.6538516,POINT (-122.6538516 45.4986325)
504,Milwaukie Market ,4401 SE MILWAUKIE,45.4912886,-122.65180864482085,POINT (-122.65180864482085 45.4912886)
505,Qfc-Quality Foods,6411 SE MILWAUKIE,45.47612625,-122.64941772755073,POINT (-122.64941772755073 45.47612625)
506,Fairlane Coffee,6647 SE Milwaukie Ave,45.4748046,-122.64919714374622,POINT (-122.64919714374622 45.4748046)
507,Westmorland Union Manor,6404 SE 23RD,47.43912928402216,-94.78458656839028,POINT (-94.78458656839028 47.43912928402216)
508,Sportsbox Vegan Bar,8445 SE McLoughlin Blvd,45.461715,-122.639428253173,POINT (-122.639428253173 45.461715)
509,Westmoreland Liquor,7207 SE Milwaukie Ave,45.47209495,-122.64880575657897,POINT (-122.64880575657897 45.47209495)
510,Starbucks   ,7001 SE MILWAUKIE,45.47360265,-122.64895260575358,POINT (-122.64895260575358 45.47360265)
511,Nw Corner,SE Milwaukie & Bybee Blvd,45.4737935,-122.6484664,POINT (-122.6484664 45.4737935)
512,Westmoreland Cleaners,6701 SE Milwaukie Ave,45.474317850000006,-122.64907832280788,POINT (-122.64907832280788 45.474317850000006)
513,Sellwood Post Office,6723 SE 16TH,45.4740438,-122.65033047169813,POINT (-122.65033047169813 45.4740438)
514,Grand Central   ,7987 SE 13TH,45.465874150000005,-122.65328013874692,POINT (-122.65328013874692 45.465874150000005)
515,Sellwood Library,7800 SE 13TH,45.468472,-122.652873,POINT (-122.652873 45.468472)
516,Starbucks,1305 SE TACOMA,45.4644931,-122.65280915,POINT (-122.65280915 45.4644931)
517,Henry Higgins Bagels,1325 SE Tacoma St,45.4644321,-122.652363,POINT (-122.652363 45.4644321)
518,New Seasons  Sellwood ,1214  SE TACOMA,45.46395195,-122.65370087704082,POINT (-122.65370087704082 45.46395195)
519,,8235 SE 13th Ave,45.46320995,-122.65318295,POINT (-122.65318295 45.46320995)
520,Pakalalo Dispensary,1528 SE HOLGATE,45.49013525,-122.64971990985735,POINT (-122.64971990985735 45.49013525)
521,Blue Dream Dispensary & Vintage,1410 SE Powell Blvd,45.4998327,-122.6509403,POINT (-122.6509403 45.4998327)
522,Broken Robot Coffee,2860 SE Gladstone St #102,39.9174043,-75.14946489900251,POINT (-75.14946489900251 39.9174043)
523,Odd Fellows Retirement,3102 SE HOLGATE,45.4901617,-122.633999883046,POINT (-122.633999883046 45.4901617)
524,Woodstock Wine & Deli,4030 SE WOODSTOCK,45.4789744,-122.6210527011426,POINT (-122.6210527011426 45.4789744)
525,Plaid Pantry,4214 SE Woodstock,45.47887855,-122.6192231502698,POINT (-122.6192231502698 45.47887855)
526,El Gallo Taqueria,4422 SE Woodstock Blvd,45.47901415,-122.61693434703824,POINT (-122.61693434703824 45.47901415)
527,Papaccino'S -   ,4441 SE WOODSTOCK,45.480451200000005,-122.61662762516828,POINT (-122.61662762516828 45.480451200000005)
528,New Seasons,4500 SE WOODSTOCK,45.47879055,-122.6161932063021,POINT (-122.6161932063021 45.47879055)
529,Delta Cafe   -   ,SE 46TH & WOODSTOCK,45.4790324,-122.61539,POINT (-122.61539 45.4790324)
530,Woodstock Library,6008 SE 49TH,45.47900505,-122.61210650846267,POINT (-122.61210650846267 45.47900505)
531,Dick'S Primal Burger   -  ,4905 SE WOODSTOCK,45.4794096,-122.6121608356607,POINT (-122.6121608356607 45.4794096)
532, - Heart Coffee,5965 SE 52nd Ave,45.47948291836735,-122.60884404081632,POINT (-122.60884404081632 45.47948291836735)
533,Asap Market,7407 SE 52nd,45.4695331,-122.6104309,POINT (-122.6104309 45.4695331)
534,Wild West Emporium,6126 SE Duke St,45.4756856,-122.6003936,POINT (-122.6003936 45.4756856)
535,Ne,4452 SE 52nd Ave,45.49079291836735,-122.60888028571428,POINT (-122.60888028571428 45.49079291836735)
536,Fred Meyer,3805 SE HAWTHORNE,45.5121715,-122.6233288,POINT (-122.6233288 45.5121715)
537,New Seasons  Hawthorne ,HAWTHORNE & SE 40TH,45.513578,-122.6215424,POINT (-122.6215424 45.513578)
538,New Seasons  Hawthorne  Inside,4034 SE HAWTHORNE,45.5117246,-122.6211137,POINT (-122.6211137 45.5117246)
539,New Season),41ST & SE HAWTHORNE,45.5182688,-122.6204866,POINT (-122.6204866 45.5182688)
540,Ancestry Brewing,4334 SE Hawthorne Blvd,45.5118793,-122.6174842,POINT (-122.6174842 45.5118793)
541, - Whole Bowl,4409 SE Hawthorne,45.5121506,-122.61695243709528,POINT (-122.61695243709528 45.5121506)
542,The Portland Canna Connection,1515 SE 46TH AVE,45.51173845,-122.61550504431526,POINT (-122.61550504431526 45.51173845)
543,East Side Deli,4626 SE Hawthorne Ave,44.9202252,-123.2919356,POINT (-123.2919356 44.9202252)
544,Sapphire  Hotel,5008 SE HAWTHORNE,45.5119087,-122.6113153,POINT (-122.6113153 45.5119087)
545,Genie'S Too,4800 SE Hawthorne,45.511937,-122.612925,POINT (-122.612925 45.511937)
546,Albina Press 2,5012 SE HAWTHORNE,45.5119084,-122.6111735,POINT (-122.6111735 45.5119084)
547,Walgreens   ,4000 SE BELMONT (SE ),45.516485,-122.620993,POINT (-122.620993 45.516485)
548,Tetra,4011 SE Belmont St,45.51672835,-122.62137915,POINT (-122.62137915 45.51672835)
549,Good Food Pod - ,43rd & SE BELMONT,39.9674469,-75.2097165,POINT (-75.2097165 39.9674469)
550,Movie Madness - ,4320 SE BELMONT,45.516476,-122.61753457142856,POINT (-122.61753457142856 45.516476)
551,Red Square Cafe,4501 SE BELMONT,45.516638,-122.615971,POINT (-122.615971 45.516638)
552,Jae'S Market,4750 SE BELMONT,45.516472,-122.61395565306124,POINT (-122.61395565306124 45.516472)
553,Belmont Station,4500 SE STARK,45.5191599,-122.6159159,POINT (-122.6159159 45.5191599)
554,Starbucks,4500 NE GLISAN,45.5261813,-122.6155411,POINT (-122.6155411 45.5261813)
555,Providence Bus Stop   ,4805 NE GLISAN,45.5282065,-122.61342203311632,POINT (-122.61342203311632 45.5282065)
556,Happy Market,5321 NE Glisan St,45.526708,-122.6084219,POINT (-122.6084219 45.526708)
557,I-84 Bus Stop Overpass   ,800 NE 60TH,27.251167631284915,-80.76372692178771,POINT (-80.76372692178771 27.251167631284915)
558,Seven Virtues Coffee,5932 NE GLISAN,45.52639865306123,-122.60326034693878,POINT (-122.60326034693878 45.52639865306123)
559,Qfc-Quality Foods,5544 E BURNSIDE,45.52279744897959,-122.60698971428572,POINT (-122.60698971428572 45.52279744897959)
560,Stark Street Station,6049 SE STARK,45.5194915,-122.6012981,POINT (-122.6012981 45.5194915)
561,The Academy Movie Theater,7818 SE STARK,45.5190211,-122.5827831,POINT (-122.5827831 45.5190211)
562,Coquine,6839 SE Belmont St,45.5170487,-122.5923818,POINT (-122.5923818 45.5170487)
563,Bipartisan Cafe,7901 SE Stark St,45.51931295,-122.58229407200642,POINT (-122.58229407200642 45.51931295)
564,The Green Front,6814 NE GLISAN,45.52626565,-122.59302943631825,POINT (-122.59302943631825 45.52626565)
565,Fillmore Coffee,7201 NE Glisan St,45.5266123,-122.5884362,POINT (-122.5884362 45.5266123)
566,Glisan Street Pizza,8001 NE Glisan St,45.52658655,-122.5812434,POINT (-122.5812434 45.52658655)
